﻿<?xml version="1.0" encoding="utf-8"?>
<TextureAtlas imagePath="MarkovEyes.png">
	<!-- Created with Adobe Animate version 18.0.2.126 -->
	<!-- http://www.adobe.com/products/animate.html -->
	<SubTexture name="MarkovWindow0000" x="0" y="0" width="81" height="47" frameX="-98" frameY="-143" frameWidth="277" frameHeight="192"/>
	<SubTexture name="MarkovWindow0001" x="0" y="0" width="81" height="47" frameX="-98" frameY="-143" frameWidth="277" frameHeight="192"/>
	<SubTexture name="MarkovWindow0002" x="91" y="0" width="244" height="168" frameX="-17" frameY="-16" frameWidth="277" frameHeight="192"/>
	<SubTexture name="MarkovWindow0003" x="91" y="0" width="244" height="168" frameX="-17" frameY="-16" frameWidth="277" frameHeight="192"/>
	<SubTexture name="MarkovWindow0004" x="0" y="178" width="265" height="182" frameX="-6" frameY="-6" frameWidth="277" frameHeight="192"/>
	<SubTexture name="MarkovWindow0005" x="0" y="178" width="265" height="182" frameX="-6" frameY="-6" frameWidth="277" frameHeight="192"/>
	<SubTexture name="MarkovWindow0006" x="0" y="370" width="271" height="188" frameX="-3" frameY="-3" frameWidth="277" frameHeight="192"/>
	<SubTexture name="MarkovWindow0007" x="0" y="370" width="271" height="188" frameX="-3" frameY="-3" frameWidth="277" frameHeight="192"/>
	<SubTexture name="MarkovWindow0008" x="0" y="370" width="271" height="188" frameX="-3" frameY="-3" frameWidth="277" frameHeight="192"/>
	<SubTexture name="MarkovWindow0009" x="0" y="370" width="271" height="188" frameX="-3" frameY="-3" frameWidth="277" frameHeight="192"/>
	<SubTexture name="MarkovWindow0010" x="0" y="370" width="271" height="188" frameX="-3" frameY="-3" frameWidth="277" frameHeight="192"/>
	<SubTexture name="MarkovWindow0011" x="0" y="370" width="271" height="188" frameX="-3" frameY="-3" frameWidth="277" frameHeight="192"/>
	<SubTexture name="MarkovWindow0012" x="0" y="370" width="271" height="188" frameX="-3" frameY="-3" frameWidth="277" frameHeight="192"/>
	<SubTexture name="MarkovWindow0013" x="0" y="370" width="271" height="188" frameX="-3" frameY="-3" frameWidth="277" frameHeight="192"/>
	<SubTexture name="MarkovWindow0014" x="0" y="370" width="271" height="188" frameX="-3" frameY="-3" frameWidth="277" frameHeight="192"/>
	<SubTexture name="MarkovWindow0015" x="0" y="370" width="271" height="188" frameX="-3" frameY="-3" frameWidth="277" frameHeight="192"/>
	<SubTexture name="MarkovWindow0016" x="0" y="370" width="271" height="188" frameX="-3" frameY="-3" frameWidth="277" frameHeight="192"/>
	<SubTexture name="MarkovWindow0017" x="0" y="370" width="271" height="188" frameX="-3" frameY="-3" frameWidth="277" frameHeight="192"/>
	<SubTexture name="MarkovWindow0018" x="0" y="370" width="271" height="188" frameX="-3" frameY="-3" frameWidth="277" frameHeight="192"/>
	<SubTexture name="MarkovWindow0019" x="0" y="370" width="271" height="188" frameX="-3" frameY="-3" frameWidth="277" frameHeight="192"/>
	<SubTexture name="MarkovWindow0020" x="0" y="370" width="271" height="188" frameX="-3" frameY="-3" frameWidth="277" frameHeight="192"/>
	<SubTexture name="MarkovWindow0021" x="0" y="370" width="271" height="188" frameX="-3" frameY="-3" frameWidth="277" frameHeight="192"/>
	<SubTexture name="MarkovWindow0022" x="0" y="370" width="271" height="188" frameX="-3" frameY="-3" frameWidth="277" frameHeight="192"/>
	<SubTexture name="MarkovWindow0023" x="0" y="370" width="271" height="188" frameX="-3" frameY="-3" frameWidth="277" frameHeight="192"/>
	<SubTexture name="MarkovWindow0024" x="0" y="370" width="271" height="188" frameX="-3" frameY="-3" frameWidth="277" frameHeight="192"/>
	<SubTexture name="MarkovWindow0025" x="0" y="370" width="271" height="188" frameX="-3" frameY="-3" frameWidth="277" frameHeight="192"/>
	<SubTexture name="MarkovWindow0026" x="0" y="370" width="271" height="188" frameX="-3" frameY="-3" frameWidth="277" frameHeight="192"/>
	<SubTexture name="MarkovWindow0027" x="0" y="370" width="271" height="188" frameX="-3" frameY="-3" frameWidth="277" frameHeight="192"/>
	<SubTexture name="MarkovWindow0028" x="0" y="370" width="271" height="188" frameX="-3" frameY="-3" frameWidth="277" frameHeight="192"/>
	<SubTexture name="MarkovWindow0029" x="0" y="370" width="271" height="188" frameX="-3" frameY="-3" frameWidth="277" frameHeight="192"/>
	<SubTexture name="MarkovWindow0030" x="0" y="370" width="271" height="188" frameX="-3" frameY="-3" frameWidth="277" frameHeight="192"/>
	<SubTexture name="MarkovWindow0031" x="0" y="370" width="271" height="188" frameX="-3" frameY="-3" frameWidth="277" frameHeight="192"/>
	<SubTexture name="MarkovWindow0032" x="0" y="370" width="271" height="188" frameX="-3" frameY="-3" frameWidth="277" frameHeight="192"/>
	<SubTexture name="MarkovWindow0033" x="0" y="370" width="271" height="188" frameX="-3" frameY="-3" frameWidth="277" frameHeight="192"/>
	<SubTexture name="MarkovWindow0034" x="0" y="370" width="271" height="188" frameX="-3" frameY="-3" frameWidth="277" frameHeight="192"/>
	<SubTexture name="MarkovWindow0035" x="0" y="370" width="271" height="188" frameX="-3" frameY="-3" frameWidth="277" frameHeight="192"/>
	<SubTexture name="MarkovWindow0036" x="0" y="370" width="271" height="188" frameX="-3" frameY="-3" frameWidth="277" frameHeight="192"/>
	<SubTexture name="MarkovWindow0037" x="0" y="370" width="271" height="188" frameX="-3" frameY="-3" frameWidth="277" frameHeight="192"/>
	<SubTexture name="MarkovWindow0038" x="0" y="370" width="271" height="188" frameX="-3" frameY="-3" frameWidth="277" frameHeight="192"/>
	<SubTexture name="MarkovWindow0039" x="0" y="370" width="271" height="188" frameX="-3" frameY="-3" frameWidth="277" frameHeight="192"/>
	<SubTexture name="MarkovWindow0040" x="0" y="370" width="271" height="188" frameX="-3" frameY="-3" frameWidth="277" frameHeight="192"/>
	<SubTexture name="MarkovWindow0041" x="0" y="370" width="271" height="188" frameX="-3" frameY="-3" frameWidth="277" frameHeight="192"/>
	<SubTexture name="MarkovWindow0042" x="0" y="370" width="271" height="188" frameX="-3" frameY="-3" frameWidth="277" frameHeight="192"/>
	<SubTexture name="MarkovWindow0043" x="0" y="370" width="271" height="188" frameX="-3" frameY="-3" frameWidth="277" frameHeight="192"/>
	<SubTexture name="MarkovWindow0044" x="0" y="370" width="271" height="188" frameX="-3" frameY="-3" frameWidth="277" frameHeight="192"/>
	<SubTexture name="MarkovWindow0045" x="0" y="370" width="271" height="188" frameX="-3" frameY="-3" frameWidth="277" frameHeight="192"/>
	<SubTexture name="MarkovWindow0046" x="0" y="370" width="271" height="188" frameX="-3" frameY="-3" frameWidth="277" frameHeight="192"/>
	<SubTexture name="MarkovWindow0047" x="0" y="370" width="271" height="188" frameX="-3" frameY="-3" frameWidth="277" frameHeight="192"/>
	<SubTexture name="MarkovWindow0048" x="0" y="370" width="271" height="188" frameX="-3" frameY="-3" frameWidth="277" frameHeight="192"/>
	<SubTexture name="MarkovWindow0049" x="0" y="370" width="271" height="188" frameX="-3" frameY="-3" frameWidth="277" frameHeight="192"/>
	<SubTexture name="MarkovWindow0050" x="0" y="370" width="271" height="188" frameX="-3" frameY="-3" frameWidth="277" frameHeight="192"/>
	<SubTexture name="MarkovWindow0051" x="0" y="370" width="271" height="188" frameX="-3" frameY="-3" frameWidth="277" frameHeight="192"/>
	<SubTexture name="MarkovWindow0052" x="0" y="370" width="271" height="188" frameX="-3" frameY="-3" frameWidth="277" frameHeight="192"/>
	<SubTexture name="MarkovWindow0053" x="0" y="370" width="271" height="188" frameX="-3" frameY="-3" frameWidth="277" frameHeight="192"/>
	<SubTexture name="MarkovWindow0054" x="0" y="370" width="271" height="188" frameX="-3" frameY="-3" frameWidth="277" frameHeight="192"/>
	<SubTexture name="MarkovWindow0055" x="0" y="370" width="271" height="188" frameX="-3" frameY="-3" frameWidth="277" frameHeight="192"/>
	<SubTexture name="MarkovWindow0056" x="0" y="370" width="271" height="188" frameX="-3" frameY="-3" frameWidth="277" frameHeight="192"/>
	<SubTexture name="MarkovWindow0057" x="0" y="370" width="271" height="188" frameX="-3" frameY="-3" frameWidth="277" frameHeight="192"/>
	<SubTexture name="MarkovWindow0058" x="0" y="370" width="271" height="188" frameX="-3" frameY="-3" frameWidth="277" frameHeight="192"/>
	<SubTexture name="MarkovWindow0059" x="0" y="370" width="271" height="188" frameX="-3" frameY="-3" frameWidth="277" frameHeight="192"/>
	<SubTexture name="MarkovWindow0060" x="0" y="370" width="271" height="188" frameX="-3" frameY="-3" frameWidth="277" frameHeight="192"/>
	<SubTexture name="MarkovWindow0061" x="0" y="370" width="271" height="188" frameX="-3" frameY="-3" frameWidth="277" frameHeight="192"/>
	<SubTexture name="MarkovWindow0062" x="0" y="370" width="271" height="188" frameX="-3" frameY="-3" frameWidth="277" frameHeight="192"/>
	<SubTexture name="MarkovWindow0063" x="0" y="370" width="271" height="188" frameX="-3" frameY="-3" frameWidth="277" frameHeight="192"/>
	<SubTexture name="MarkovWindow0064" x="0" y="370" width="271" height="188" frameX="-3" frameY="-3" frameWidth="277" frameHeight="192"/>
	<SubTexture name="MarkovWindow0065" x="0" y="370" width="271" height="188" frameX="-3" frameY="-3" frameWidth="277" frameHeight="192"/>
	<SubTexture name="MarkovWindow0066" x="0" y="370" width="271" height="188" frameX="-3" frameY="-3" frameWidth="277" frameHeight="192"/>
	<SubTexture name="MarkovWindow0067" x="0" y="370" width="271" height="188" frameX="-3" frameY="-3" frameWidth="277" frameHeight="192"/>
	<SubTexture name="MarkovWindow0068" x="0" y="370" width="271" height="188" frameX="-3" frameY="-3" frameWidth="277" frameHeight="192"/>
	<SubTexture name="MarkovWindow0069" x="0" y="370" width="271" height="188" frameX="-3" frameY="-3" frameWidth="277" frameHeight="192"/>
	<SubTexture name="MarkovWindow0070" x="0" y="370" width="271" height="188" frameX="-3" frameY="-3" frameWidth="277" frameHeight="192"/>
	<SubTexture name="MarkovWindow0071" x="0" y="370" width="271" height="188" frameX="-3" frameY="-3" frameWidth="277" frameHeight="192"/>
	<SubTexture name="MarkovWindow0072" x="0" y="370" width="271" height="188" frameX="-3" frameY="-3" frameWidth="277" frameHeight="192"/>
	<SubTexture name="MarkovWindow0073" x="0" y="370" width="271" height="188" frameX="-3" frameY="-3" frameWidth="277" frameHeight="192"/>
	<SubTexture name="MarkovWindow0074" x="0" y="370" width="271" height="188" frameX="-3" frameY="-3" frameWidth="277" frameHeight="192"/>
	<SubTexture name="MarkovWindow0075" x="0" y="370" width="271" height="188" frameX="-3" frameY="-3" frameWidth="277" frameHeight="192"/>
	<SubTexture name="MarkovWindow0076" x="0" y="370" width="271" height="188" frameX="-3" frameY="-3" frameWidth="277" frameHeight="192"/>
	<SubTexture name="MarkovWindow0077" x="0" y="370" width="271" height="188" frameX="-3" frameY="-3" frameWidth="277" frameHeight="192"/>
	<SubTexture name="MarkovWindow0078" x="0" y="370" width="271" height="188" frameX="-3" frameY="-3" frameWidth="277" frameHeight="192"/>
	<SubTexture name="MarkovWindow0079" x="0" y="370" width="271" height="188" frameX="-3" frameY="-3" frameWidth="277" frameHeight="192"/>
	<SubTexture name="MarkovWindow0080" x="0" y="370" width="271" height="188" frameX="-3" frameY="-3" frameWidth="277" frameHeight="192"/>
	<SubTexture name="MarkovWindow0081" x="0" y="370" width="271" height="188" frameX="-3" frameY="-3" frameWidth="277" frameHeight="192"/>
	<SubTexture name="MarkovWindow0082" x="0" y="370" width="271" height="188" frameX="-3" frameY="-3" frameWidth="277" frameHeight="192"/>
	<SubTexture name="MarkovWindow0083" x="0" y="370" width="271" height="188" frameX="0" frameY="-4" frameWidth="277" frameHeight="192"/>
	<SubTexture name="MarkovWindow0084" x="0" y="370" width="271" height="188" frameX="0" frameY="-4" frameWidth="277" frameHeight="192"/>
	<SubTexture name="MarkovWindow0085" x="0" y="370" width="271" height="188" frameX="-3" frameY="0" frameWidth="277" frameHeight="192"/>
	<SubTexture name="MarkovWindow0086" x="0" y="370" width="271" height="188" frameX="-3" frameY="0" frameWidth="277" frameHeight="192"/>
	<SubTexture name="MarkovWindow0087" x="0" y="370" width="271" height="188" frameX="-6" frameY="-4" frameWidth="277" frameHeight="192"/>
	<SubTexture name="MarkovWindow0088" x="0" y="370" width="271" height="188" frameX="-6" frameY="-4" frameWidth="277" frameHeight="192"/>
	<SubTexture name="MarkovWindow0089" x="0" y="370" width="271" height="188" frameX="-2" frameY="-4" frameWidth="277" frameHeight="192"/>
	<SubTexture name="MarkovWindow0090" x="0" y="370" width="271" height="188" frameX="-2" frameY="-4" frameWidth="277" frameHeight="192"/>
	<SubTexture name="MarkovWindow0091" x="0" y="370" width="271" height="188" frameX="-3" frameY="-2" frameWidth="277" frameHeight="192"/>
	<SubTexture name="MarkovWindow0092" x="0" y="370" width="271" height="188" frameX="-3" frameY="-2" frameWidth="277" frameHeight="192"/>
	<SubTexture name="MarkovWindow0093" x="0" y="370" width="271" height="188" frameX="-3" frameY="-3" frameWidth="277" frameHeight="192"/>
	<SubTexture name="MarkovWindow0094" x="0" y="370" width="271" height="188" frameX="-3" frameY="-3" frameWidth="277" frameHeight="192"/>
	<SubTexture name="MarkovWindow0095" x="0" y="370" width="271" height="188" frameX="-3" frameY="-3" frameWidth="277" frameHeight="192"/>
	<SubTexture name="MarkovWindow0096" x="0" y="370" width="271" height="188" frameX="-3" frameY="-3" frameWidth="277" frameHeight="192"/>
	<SubTexture name="MarkovWindow0097" x="0" y="370" width="271" height="188" frameX="-3" frameY="-3" frameWidth="277" frameHeight="192"/>
	<SubTexture name="MarkovWindow0098" x="0" y="370" width="271" height="188" frameX="-3" frameY="-3" frameWidth="277" frameHeight="192"/>
	<SubTexture name="MarkovWindow0099" x="0" y="370" width="271" height="188" frameX="-3" frameY="-3" frameWidth="277" frameHeight="192"/>
	<SubTexture name="MarkovWindow0100" x="0" y="370" width="271" height="188" frameX="-3" frameY="-3" frameWidth="277" frameHeight="192"/>
	<SubTexture name="MarkovWindow0101" x="0" y="370" width="271" height="188" frameX="-3" frameY="-3" frameWidth="277" frameHeight="192"/>
	<SubTexture name="MarkovWindow0102" x="0" y="370" width="271" height="188" frameX="-3" frameY="-3" frameWidth="277" frameHeight="192"/>
	<SubTexture name="MarkovWindow0103" x="0" y="370" width="271" height="188" frameX="-3" frameY="-3" frameWidth="277" frameHeight="192"/>
	<SubTexture name="MarkovWindow0104" x="0" y="370" width="271" height="188" frameX="-3" frameY="-3" frameWidth="277" frameHeight="192"/>
	<SubTexture name="MarkovWindow0105" x="0" y="370" width="271" height="188" frameX="-3" frameY="-3" frameWidth="277" frameHeight="192"/>
	<SubTexture name="MarkovWindow0106" x="0" y="568" width="251" height="167" frameX="-13" frameY="-24" frameWidth="277" frameHeight="192"/>
	<SubTexture name="MarkovWindow0107" x="0" y="568" width="251" height="167" frameX="-13" frameY="-24" frameWidth="277" frameHeight="192"/>
	<SubTexture name="MarkovWindow0108" x="261" y="568" width="53" height="30" frameX="-113" frameY="-160" frameWidth="277" frameHeight="192"/>
	<SubTexture name="MarkovWindow0109" x="261" y="568" width="53" height="30" frameX="-113" frameY="-160" frameWidth="277" frameHeight="192"/>
</TextureAtlas>
